{"start_x_val1":"47.30881146058891","start_x_val1_type1":"System.Double","end_x_val1":"16.308811460588913","end_x_val1_type1":"System.Double","end_derivative1":"0.36636027854285724","end_derivative1_type1":"System.Double","start_derivative1":"0.3896551724269993","start_derivative1_type1":"System.Double","last_end_x_polynom1":"47.30881146058891","last_end_x_polynom1_type1":"System.Double","min_dist_from_curve1":"-1","min_dist_from_curve1_type1":"System.Double","end_derivative2":"0.36636027854285724","end_derivative2_type1":"System.Double","min_diff_h1":"-0.1898005929483979","min_diff_h1_type1":"System.Double","width_of_curve1":"31","width_of_curve1_type1":"System.Double","height_of_curve1":"11.849999999973365","height_of_curve1_type1":"System.Double","search_mode1":"only_start_derivate1","search_mode1_type1":"System.String","min_last_derivative1":"9999","min_last_derivative1_type1":"System.Double","start_ind1":"58","start_ind1_type1":"System.Int32","last_ind1":"89","last_ind1_type1":"System.Int32","count_loop1":"5","count_loop1_type1":"System.Int32","last_add_height1":"0","last_add_height1_type1":"System.Double","last_delta_height1":"2.6634694449967355E-11","last_delta_height1_type1":"System.Double","found_good_derivative_in_more_height1":"no","found_good_derivative_in_more_height1_type1":"System.String"}