{"start_x_val1":"36.53942186491804","start_x_val1_type1":"System.Double","end_x_val1":"7.452788659504222","end_x_val1_type1":"System.Double","end_derivative1":"0.07031903694444953","end_derivative1_type1":"System.Double","start_derivative1":"0.11031183131990666","start_derivative1_type1":"System.Double","last_end_x_polynom1":"36.53942186491804","last_end_x_polynom1_type1":"System.Double","min_dist_from_curve1":"-1","min_dist_from_curve1_type1":"System.Double","end_derivative2":"0.07031903694444953","end_derivative2_type1":"System.Double","min_diff_h1":"5.226929999935237E-13","min_diff_h1_type1":"System.Double","width_of_curve1":"29.08663320541382","width_of_curve1_type1":"System.Double","height_of_curve1":"2.5039307594416695","height_of_curve1_type1":"System.Double","search_mode1":"only_start_derivate1","search_mode1_type1":"System.String","min_last_derivative1":"9999","min_last_derivative1_type1":"System.Double","start_ind1":"176","start_ind1_type1":"System.Int32","last_ind1":"205","last_ind1_type1":"System.Int32","count_loop1":"715","count_loop1_type1":"System.Int32","last_add_height1":"0.2","last_add_height1_type1":"System.Double","last_delta_height1":"-1.1738165994756855E-11","last_delta_height1_type1":"System.Double","found_good_derivative_in_more_height1":"no","found_good_derivative_in_more_height1_type1":"System.String"}