{"start_x_val1":"90.88112853187522","start_x_val1_type1":"System.Double","end_x_val1":"23.88112853187522","end_x_val1_type1":"System.Double","end_derivative1":"0.02402396498183134","end_derivative1_type1":"System.Double","start_derivative1":"0.03524915503881113","start_derivative1_type1":"System.Double","last_end_x_polynom1":"90.88112853187522","last_end_x_polynom1_type1":"System.Double","min_dist_from_curve1":"-1","min_dist_from_curve1_type1":"System.Double","end_derivative2":"0.02402396498183134","end_derivative2_type1":"System.Double","min_diff_h1":"-7.366329768387914E-12","min_diff_h1_type1":"System.Double","width_of_curve1":"67","width_of_curve1_type1":"System.Double","height_of_curve1":"1.950000000069006","height_of_curve1_type1":"System.Double","search_mode1":"only_start_derivate1","search_mode1_type1":"System.String","min_last_derivative1":"9999","min_last_derivative1_type1":"System.Double","min_diff_last_derivative1":"0.02402396498183134","min_diff_last_derivative1_type1":"System.Double","start_ind1":"219","start_ind1_type1":"System.Int32","last_ind1":"286","last_ind1_type1":"System.Int32","count_loop1":"54","count_loop1_type1":"System.Int32","last_add_height1":"0","last_add_height1_type1":"System.Double","last_delta_height1":"-6.90059120955766E-11","last_delta_height1_type1":"System.Double","found_good_derivative_in_more_height1":"no","found_good_derivative_in_more_height1_type1":"System.String"}