{"start_x_val1":"44.729702520948194","start_x_val1_type1":"System.Double","end_x_val1":"13.729702520948194","end_x_val1_type1":"System.Double","end_derivative1":"0.035249155038811174","end_derivative1_type1":"System.Double","start_derivative1":"0.0914343836553187","start_derivative1_type1":"System.Double","last_end_x_polynom1":"44.729702520948194","last_end_x_polynom1_type1":"System.Double","min_dist_from_curve1":"-1","min_dist_from_curve1_type1":"System.Double","end_derivative2":"0.035249155038811174","end_derivative2_type1":"System.Double","min_diff_h1":"-6.90059120955766E-11","min_diff_h1_type1":"System.Double","width_of_curve1":"31","width_of_curve1_type1":"System.Double","height_of_curve1":"1.814639849828019","height_of_curve1_type1":"System.Double","search_mode1":"only_start_derivate1","search_mode1_type1":"System.String","min_last_derivative1":"9999","min_last_derivative1_type1":"System.Double","min_diff_last_derivative1":"0.035249155038811174","min_diff_last_derivative1_type1":"System.Double","start_ind1":"188","start_ind1_type1":"System.Int32","last_ind1":"219","last_ind1_type1":"System.Int32","count_loop1":"53","count_loop1_type1":"System.Int32","last_add_height1":"0.05","last_add_height1_type1":"System.Double","last_delta_height1":"-0.7146398498280191","last_delta_height1_type1":"System.Double","found_good_derivative_in_more_height1":"yes","found_good_derivative_in_more_height1_type1":"System.String"}