{"start_x_val1":"58.920892135891336","start_x_val1_type1":"System.Double","end_x_val1":"24.920892135891336","end_x_val1_type1":"System.Double","end_derivative1":"0.09149652953975648","end_derivative1_type1":"System.Double","start_derivative1":"0.1788869998760842","start_derivative1_type1":"System.Double","last_end_x_polynom1":"58.920892135891336","last_end_x_polynom1_type1":"System.Double","min_dist_from_curve1":"-1","min_dist_from_curve1_type1":"System.Double","end_derivative2":"0.09149652953975648","end_derivative2_type1":"System.Double","min_diff_h1":"7.0239813965145E-11","min_diff_h1_type1":"System.Double","width_of_curve1":"34","width_of_curve1_type1":"System.Double","height_of_curve1":"4.399999999999052","height_of_curve1_type1":"System.Double","search_mode1":"only_start_derivate1","search_mode1_type1":"System.String","min_last_derivative1":"9999","min_last_derivative1_type1":"System.Double","min_diff_last_derivative1":"0.09149652953975648","min_diff_last_derivative1_type1":"System.Double","start_ind1":"123","start_ind1_type1":"System.Int32","last_ind1":"157","last_ind1_type1":"System.Int32","count_loop1":"31","count_loop1_type1":"System.Int32","last_add_height1":"0.39999999999999997","last_add_height1_type1":"System.Double","last_delta_height1":"9.485745522397337E-13","last_delta_height1_type1":"System.Double","found_good_derivative_in_more_height1":"yes","found_good_derivative_in_more_height1_type1":"System.String"}