{"start_x_val1":"61.28750808269251","start_x_val1_type1":"System.Double","end_x_val1":"8.082692509958633E-06","end_x_val1_type1":"System.Double","end_derivative1":"5.207566653075874E-09","end_derivative1_type1":"System.Double","start_derivative1":"0.03953703313767373","start_derivative1_type1":"System.Double","last_end_x_polynom1":"61.28750808269251","last_end_x_polynom1_type1":"System.Double","min_dist_from_curve1":"-1","min_dist_from_curve1_type1":"System.Double","end_derivative2":"5.207566653075874E-09","end_derivative2_type1":"System.Double","min_diff_h1":"0.0409333815237547","min_diff_h1_type1":"System.Double","width_of_curve1":"61.2875","width_of_curve1_type1":"System.Double","height_of_curve1":"1.1591194616503344","height_of_curve1_type1":"System.Double","search_mode1":"only_start_derivate1","search_mode1_type1":"System.String","start_ind1":"225","start_ind1_type1":"System.Int32","last_ind1":"286","last_ind1_type1":"System.Int32","count_loop1":"299","count_loop1_type1":"System.Int32","last_add_height1":"0","last_add_height1_type1":"System.Double","last_delta_height1":"0.01588053834966563","last_delta_height1_type1":"System.Double","found_good_derivative_in_more_height1":"no","found_good_derivative_in_more_height1_type1":"System.String"}