{"start_x_val1":"44.45180936408724","start_x_val1_type1":"System.Double","end_x_val1":"15.45180936408724","end_x_val1_type1":"System.Double","end_derivative1":"0.15002447568478167","end_derivative1_type1":"System.Double","start_derivative1":"0.2032131105222469","start_derivative1_type1":"System.Double","last_end_x_polynom1":"44.45180936408724","last_end_x_polynom1_type1":"System.Double","min_dist_from_curve1":"-1","min_dist_from_curve1_type1":"System.Double","end_derivative2":"0.15002447568478167","end_derivative2_type1":"System.Double","min_diff_h1":"2.3012702854430245E-11","min_diff_h1_type1":"System.Double","width_of_curve1":"29","width_of_curve1_type1":"System.Double","height_of_curve1":"4.999999999978901","height_of_curve1_type1":"System.Double","search_mode1":"only_start_derivate1","search_mode1_type1":"System.String","min_last_derivative1":"9999","min_last_derivative1_type1":"System.Double","start_ind1":"174","start_ind1_type1":"System.Int32","last_ind1":"203","last_ind1_type1":"System.Int32","count_loop1":"13","count_loop1_type1":"System.Int32","last_add_height1":"0","last_add_height1_type1":"System.Double","last_delta_height1":"2.1098678359976475E-11","last_delta_height1_type1":"System.Double","found_good_derivative_in_more_height1":"no","found_good_derivative_in_more_height1_type1":"System.String"}