{"start_x_val1":"53.31172985699959","start_x_val1_type1":"System.Double","end_x_val1":"8.031399922003857E-06","end_x_val1_type1":"System.Double","end_derivative1":"7.88350367910585E-09","end_derivative1_type1":"System.Double","start_derivative1":"0.047743023514920366","start_derivative1_type1":"System.Double","last_end_x_polynom1":"53.31172985699959","last_end_x_polynom1_type1":"System.Double","min_dist_from_curve1":"-1","min_dist_from_curve1_type1":"System.Double","end_derivative2":"7.88350367910585E-09","end_derivative2_type1":"System.Double","min_diff_h1":"-1.6253665080512292E-13","min_diff_h1_type1":"System.Double","width_of_curve1":"53.31172182559967","width_of_curve1_type1":"System.Double","height_of_curve1":"1.1968719244002668","height_of_curve1_type1":"System.Double","search_mode1":"only_start_derivate1","search_mode1_type1":"System.String","min_last_derivative1":"7.313062197908049E-09","min_last_derivative1_type1":"System.Double","start_ind1":"290","start_ind1_type1":"System.Int32","last_ind1":"343","last_ind1_type1":"System.Int32","count_loop1":"463","count_loop1_type1":"System.Int32","last_add_height1":"0","last_add_height1_type1":"System.Double","last_delta_height1":"6.283862319378386E-14","last_delta_height1_type1":"System.Double","found_good_derivative_in_more_height1":"no","found_good_derivative_in_more_height1_type1":"System.String"}