{"start_x_val1":"71.27909475882552","start_x_val1_type1":"System.Double","end_x_val1":"42.27909475882552","end_x_val1_type1":"System.Double","end_derivative1":"0.4720111057905765","end_derivative1_type1":"System.Double","start_derivative1":"0.5708816528320353","start_derivative1_type1":"System.Double","last_end_x_polynom1":"71.27909475882552","last_end_x_polynom1_type1":"System.Double","min_dist_from_curve1":"-1","min_dist_from_curve1_type1":"System.Double","end_derivative2":"0.4720111057905765","end_derivative2_type1":"System.Double","min_diff_h1":"2.786393338283233E-11","min_diff_h1_type1":"System.Double","width_of_curve1":"29","width_of_curve1_type1":"System.Double","height_of_curve1":"15","height_of_curve1_type1":"System.Double","search_mode1":"only_start_derivate1","search_mode1_type1":"System.String","min_last_derivative1":"9999","min_last_derivative1_type1":"System.Double","start_ind1":"0","start_ind1_type1":"System.Int32","last_ind1":"29","last_ind1_type1":"System.Int32","count_loop1":"0","count_loop1_type1":"System.Int32","last_add_height1":"0","last_add_height1_type1":"System.Double","last_delta_height1":"0","last_delta_height1_type1":"System.Double","found_good_derivative_in_more_height1":"no","found_good_derivative_in_more_height1_type1":"System.String"}