{"start_x_val1":"43.915458895628035","start_x_val1_type1":"System.Double","end_x_val1":"14.915458895628035","end_x_val1_type1":"System.Double","end_derivative1":"0.22657438927406112","end_derivative1_type1":"System.Double","start_derivative1":"0.246743721786638","start_derivative1_type1":"System.Double","last_end_x_polynom1":"43.915458895628035","last_end_x_polynom1_type1":"System.Double","min_dist_from_curve1":"-1","min_dist_from_curve1_type1":"System.Double","end_derivative2":"0.22657438927406112","end_derivative2_type1":"System.Double","min_diff_h1":"-0.18440306831434672","min_diff_h1_type1":"System.Double","width_of_curve1":"29","width_of_curve1_type1":"System.Double","height_of_curve1":"6.999999999983546","height_of_curve1_type1":"System.Double","search_mode1":"only_start_derivate1","search_mode1_type1":"System.String","min_last_derivative1":"9999","min_last_derivative1_type1":"System.Double","start_ind1":"116","start_ind1_type1":"System.Int32","last_ind1":"145","last_ind1_type1":"System.Int32","count_loop1":"11","count_loop1_type1":"System.Int32","last_add_height1":"0","last_add_height1_type1":"System.Double","last_delta_height1":"1.645439340336452E-11","last_delta_height1_type1":"System.Double","found_good_derivative_in_more_height1":"no","found_good_derivative_in_more_height1_type1":"System.String"}