{"start_x_val1":"36.44241159458397","start_x_val1_type1":"System.Double","end_x_val1":"7.754133420183642","end_x_val1_type1":"System.Double","end_derivative1":"0.04774302351492153","end_derivative1_type1":"System.Double","start_derivative1":"0.0861920150939875","start_derivative1_type1":"System.Double","last_end_x_polynom1":"36.44241159458397","last_end_x_polynom1_type1":"System.Double","min_dist_from_curve1":"-1","min_dist_from_curve1_type1":"System.Double","end_derivative2":"0.04774302351492153","end_derivative2_type1":"System.Double","min_diff_h1":"6.283862319378386E-14","min_diff_h1_type1":"System.Double","width_of_curve1":"28.68827817440033","width_of_curve1_type1":"System.Double","height_of_curve1":"1.8031280755704133","height_of_curve1_type1":"System.Double","search_mode1":"only_start_derivate1","search_mode1_type1":"System.String","min_last_derivative1":"9999","min_last_derivative1_type1":"System.Double","start_ind1":"261","start_ind1_type1":"System.Int32","last_ind1":"290","last_ind1_type1":"System.Int32","count_loop1":"462","count_loop1_type1":"System.Int32","last_add_height1":"0","last_add_height1_type1":"System.Double","last_delta_height1":"2.9257041234131975E-11","last_delta_height1_type1":"System.Double","found_good_derivative_in_more_height1":"no","found_good_derivative_in_more_height1_type1":"System.String"}