{"start_x_val1":"40.91337857356848","start_x_val1_type1":"System.Double","end_x_val1":"1.177898229798302E-05","end_x_val1_type1":"System.Double","end_derivative1":"5.9264536493535644E-09","end_derivative1_type1":"System.Double","start_derivative1":"0.07031903694444606","start_derivative1_type1":"System.Double","last_end_x_polynom1":"40.91337857356848","last_end_x_polynom1_type1":"System.Double","min_dist_from_curve1":"-1","min_dist_from_curve1_type1":"System.Double","end_derivative2":"5.9264536493535644E-09","end_derivative2_type1":"System.Double","min_diff_h1":"-3.6703973194107675E-13","min_diff_h1_type1":"System.Double","width_of_curve1":"40.91336679458618","width_of_curve1_type1":"System.Double","height_of_curve1":"1.0960692405695456","height_of_curve1_type1":"System.Double","search_mode1":"only_start_derivate1","search_mode1_type1":"System.String","min_last_derivative1":"5.86726929520829E-09","min_last_derivative1_type1":"System.Double","start_ind1":"205","start_ind1_type1":"System.Int32","last_ind1":"246","last_ind1_type1":"System.Int32","count_loop1":"716","count_loop1_type1":"System.Int32","last_add_height1":"0","last_add_height1_type1":"System.Double","last_delta_height1":"5.226929999935237E-13","last_delta_height1_type1":"System.Double","found_good_derivative_in_more_height1":"no","found_good_derivative_in_more_height1_type1":"System.String"}