{"start_x_val1":"105.1847334178492","start_x_val1_type1":"System.Double","end_x_val1":"12.09430449328866","end_x_val1_type1":"System.Double","end_derivative1":"0.399820145514798","end_derivative1_type1":"System.Double","start_derivative1":"0.4330484658154723","start_derivative1_type1":"System.Double","last_end_x_polynom1":"105.1847334178492","last_end_x_polynom1_type1":"System.Double","min_dist_from_curve1":"-1","min_dist_from_curve1_type1":"System.Double","end_derivative2":"0.399820145514798","end_derivative2_type1":"System.Double","min_diff_h1":"9.023892744153272E-13","min_diff_h1_type1":"System.Double","width_of_curve1":"93.09042892456054","width_of_curve1_type1":"System.Double","height_of_curve1":"38.3626953124996","height_of_curve1_type1":"System.Double","search_mode1":"only_start_derivate1","search_mode1_type1":"System.String","min_last_derivative1":"0.39331133622201053","min_last_derivative1_type1":"System.Double","min_diff_last_derivative1":"8.49087217202893E-09","min_diff_last_derivative1_type1":"System.Double","start_ind1":"116","start_ind1_type1":"System.Int32","last_ind1":"209","last_ind1_type1":"System.Int32","count_loop1":"410","count_loop1_type1":"System.Int32","last_add_height1":"0","last_add_height1_type1":"System.Double","last_delta_height1":"4.014566457044566E-13","last_delta_height1_type1":"System.Double","found_good_derivative_in_more_height1":"no","found_good_derivative_in_more_height1_type1":"System.String"}