{"start_x_val1":"54.10018920817129","start_x_val1_type1":"System.Double","end_x_val1":"25.100189208171287","end_x_val1_type1":"System.Double","end_derivative1":"0.5187548275759447","end_derivative1_type1":"System.Double","start_derivative1":"0.5896551724231627","start_derivative1_type1":"System.Double","last_end_x_polynom1":"54.10018920817129","last_end_x_polynom1_type1":"System.Double","min_dist_from_curve1":"-1","min_dist_from_curve1_type1":"System.Double","end_derivative2":"0.5187548275759447","end_derivative2_type1":"System.Double","min_diff_h1":"1.63087321425337E-11","min_diff_h1_type1":"System.Double","width_of_curve1":"29","width_of_curve1_type1":"System.Double","height_of_curve1":"15.949999999970746","height_of_curve1_type1":"System.Double","search_mode1":"only_start_derivate1","search_mode1_type1":"System.String","min_last_derivative1":"9999","min_last_derivative1_type1":"System.Double","min_diff_last_derivative1":"0.11893469055201888","min_diff_last_derivative1_type1":"System.Double","start_ind1":"58","start_ind1_type1":"System.Int32","last_ind1":"87","last_ind1_type1":"System.Int32","count_loop1":"13","count_loop1_type1":"System.Int32","last_add_height1":"0","last_add_height1_type1":"System.Double","last_delta_height1":"2.9253044431243325E-11","last_delta_height1_type1":"System.Double","found_good_derivative_in_more_height1":"no","found_good_derivative_in_more_height1_type1":"System.String"}