{"start_x_val1":"62.71825392928622","start_x_val1_type1":"System.Double","end_x_val1":"33.80868285384677","end_x_val1_type1":"System.Double","end_derivative1":"0.4330484658154723","end_derivative1_type1":"System.Double","start_derivative1":"0.518754827575942","start_derivative1_type1":"System.Double","last_end_x_polynom1":"62.71825392928622","last_end_x_polynom1_type1":"System.Double","min_dist_from_curve1":"-1","min_dist_from_curve1_type1":"System.Double","end_derivative2":"0.4330484658154723","end_derivative2_type1":"System.Double","min_diff_h1":"4.014566457044566E-13","min_diff_h1_type1":"System.Double","width_of_curve1":"28.90957107543945","width_of_curve1_type1":"System.Double","height_of_curve1":"13.637304687483692","height_of_curve1_type1":"System.Double","search_mode1":"only_start_derivate1","search_mode1_type1":"System.String","min_last_derivative1":"9999","min_last_derivative1_type1":"System.Double","min_diff_last_derivative1":"0.03322832879154647","min_diff_last_derivative1_type1":"System.Double","start_ind1":"87","start_ind1_type1":"System.Int32","last_ind1":"116","last_ind1_type1":"System.Int32","count_loop1":"409","count_loop1_type1":"System.Int32","last_add_height1":"-0.5499999999999999","last_add_height1_type1":"System.Double","last_delta_height1":"1.63087321425337E-11","last_delta_height1_type1":"System.Double","found_good_derivative_in_more_height1":"no","found_good_derivative_in_more_height1_type1":"System.String"}