{"start_x_val1":"60.621546852371466","start_x_val1_type1":"System.Double","end_x_val1":"32.02174550273158","end_x_val1_type1":"System.Double","end_derivative1":"0.218829660754999","end_derivative1_type1":"System.Double","start_derivative1":"0.43295061834040555","start_derivative1_type1":"System.Double","last_end_x_polynom1":"60.621546852371466","last_end_x_polynom1_type1":"System.Double","min_dist_from_curve1":"-1","min_dist_from_curve1_type1":"System.Double","end_derivative2":"0.218829660754999","end_derivative2_type1":"System.Double","min_diff_h1":"1.1191048088221578E-13","min_diff_h1_type1":"System.Double","width_of_curve1":"28.599801349639893","width_of_curve1_type1":"System.Double","height_of_curve1":"9.203427410174397","height_of_curve1_type1":"System.Double","search_mode1":"only_start_derivate1","search_mode1_type1":"System.String","min_last_derivative1":"9999","min_last_derivative1_type1":"System.Double","start_ind1":"58","start_ind1_type1":"System.Int32","last_ind1":"87","last_ind1_type1":"System.Int32","count_loop1":"322","count_loop1_type1":"System.Int32","last_add_height1":"0","last_add_height1_type1":"System.Double","last_delta_height1":"-4.866507197220926E-11","last_delta_height1_type1":"System.Double","found_good_derivative_in_more_height1":"no","found_good_derivative_in_more_height1_type1":"System.String"}