{"start_x_val1":"26.400198973014994","start_x_val1_type1":"System.Double","end_x_val1":"3.226548876966717E-07","end_x_val1_type1":"System.Double","end_derivative1":"9.802845624532756E-09","end_derivative1_type1":"System.Double","start_derivative1":"0.21882966075499113","start_derivative1_type1":"System.Double","last_end_x_polynom1":"26.400198973014994","last_end_x_polynom1_type1":"System.Double","min_dist_from_curve1":"-1","min_dist_from_curve1_type1":"System.Double","end_derivative2":"9.802845624532756E-09","end_derivative2_type1":"System.Double","min_diff_h1":"-2.327027459614328E-13","min_diff_h1_type1":"System.Double","width_of_curve1":"26.400198650360107","width_of_curve1_type1":"System.Double","height_of_curve1":"2.7965725898741556","height_of_curve1_type1":"System.Double","search_mode1":"only_start_derivate1","search_mode1_type1":"System.String","min_last_derivative1":"6.53164395172406E-09","min_last_derivative1_type1":"System.Double","start_ind1":"87","start_ind1_type1":"System.Int32","last_ind1":"113","last_ind1_type1":"System.Int32","count_loop1":"323","count_loop1_type1":"System.Int32","last_add_height1":"0","last_add_height1_type1":"System.Double","last_delta_height1":"1.1191048088221578E-13","last_delta_height1_type1":"System.Double","found_good_derivative_in_more_height1":"no","found_good_derivative_in_more_height1_type1":"System.String"}