{"start_x_val1":"35.56995857727634","start_x_val1_type1":"System.Double","end_x_val1":"6.5699585772763385","end_x_val1_type1":"System.Double","end_derivative1":"0.203213110522243","end_derivative1_type1":"System.Double","start_derivative1":"0.2265743892740593","start_derivative1_type1":"System.Double","last_end_x_polynom1":"35.56995857727634","last_end_x_polynom1_type1":"System.Double","min_dist_from_curve1":"-1","min_dist_from_curve1_type1":"System.Double","end_derivative2":"0.203213110522243","end_derivative2_type1":"System.Double","min_diff_h1":"2.1098678359976475E-11","min_diff_h1_type1":"System.Double","width_of_curve1":"29","width_of_curve1_type1":"System.Double","height_of_curve1":"6.184403068314347","height_of_curve1_type1":"System.Double","search_mode1":"only_start_derivate1","search_mode1_type1":"System.String","min_last_derivative1":"9999","min_last_derivative1_type1":"System.Double","start_ind1":"145","start_ind1_type1":"System.Int32","last_ind1":"174","last_ind1_type1":"System.Int32","count_loop1":"12","count_loop1_type1":"System.Int32","last_add_height1":"0","last_add_height1_type1":"System.Double","last_delta_height1":"-0.18440306831434672","last_delta_height1_type1":"System.Double","found_good_derivative_in_more_height1":"no","found_good_derivative_in_more_height1_type1":"System.String"}