{"start_x_val1":"45.17174700663418","start_x_val1_type1":"System.Double","end_x_val1":"16.171747006634178","end_x_val1_type1":"System.Double","end_derivative1":"0.12911453663534533","end_derivative1_type1":"System.Double","start_derivative1":"0.15002447568478083","start_derivative1_type1":"System.Double","last_end_x_polynom1":"45.17174700663418","last_end_x_polynom1_type1":"System.Double","min_dist_from_curve1":"-1","min_dist_from_curve1_type1":"System.Double","end_derivative2":"0.12911453663534533","end_derivative2_type1":"System.Double","min_diff_h1":"-4.60955718040168E-11","min_diff_h1_type1":"System.Double","width_of_curve1":"29","width_of_curve1_type1":"System.Double","height_of_curve1":"3.9999999999769873","height_of_curve1_type1":"System.Double","search_mode1":"only_start_derivate1","search_mode1_type1":"System.String","min_last_derivative1":"9999","min_last_derivative1_type1":"System.Double","start_ind1":"203","start_ind1_type1":"System.Int32","last_ind1":"232","last_ind1_type1":"System.Int32","count_loop1":"14","count_loop1_type1":"System.Int32","last_add_height1":"0","last_add_height1_type1":"System.Double","last_delta_height1":"2.3012702854430245E-11","last_delta_height1_type1":"System.Double","found_good_derivative_in_more_height1":"no","found_good_derivative_in_more_height1_type1":"System.String"}