{"start_x_val1":"43.669127759569164","start_x_val1_type1":"System.Double","end_x_val1":"14.669127759569164","end_x_val1_type1":"System.Double","end_derivative1":"0.201763495059997","end_derivative1_type1":"System.Double","start_derivative1":"0.2222031034672927","start_derivative1_type1":"System.Double","last_end_x_polynom1":"43.669127759569164","last_end_x_polynom1_type1":"System.Double","min_dist_from_curve1":"-1","min_dist_from_curve1_type1":"System.Double","end_derivative2":"0.201763495059997","end_derivative2_type1":"System.Double","min_diff_h1":"-3.511502200126415E-11","min_diff_h1_type1":"System.Double","width_of_curve1":"29","width_of_curve1_type1":"System.Double","height_of_curve1":"6.09999999996988","height_of_curve1_type1":"System.Double","search_mode1":"only_start_derivate1","search_mode1_type1":"System.String","min_last_derivative1":"9999","min_last_derivative1_type1":"System.Double","start_ind1":"87","start_ind1_type1":"System.Int32","last_ind1":"116","last_ind1_type1":"System.Int32","count_loop1":"64","count_loop1_type1":"System.Int32","last_add_height1":"1.2000000000000004","last_add_height1_type1":"System.Double","last_delta_height1":"3.011990656887065E-11","last_delta_height1_type1":"System.Double","found_good_derivative_in_more_height1":"yes","found_good_derivative_in_more_height1_type1":"System.String"}