{"start_x_val1":"27.79459364214381","start_x_val1_type1":"System.Double","end_x_val1":"16.79459364214381","end_x_val1_type1":"System.Double","end_derivative1":"0.2337272727340869","end_derivative1_type1":"System.Double","start_derivative1":"0.39475545453790184","start_derivative1_type1":"System.Double","last_end_x_polynom1":"27.79459364214381","last_end_x_polynom1_type1":"System.Double","min_dist_from_curve1":"-1","min_dist_from_curve1_type1":"System.Double","end_derivative2":"0.2337272727340869","end_derivative2_type1":"System.Double","min_diff_h1":"-2.660094367001875E-13","min_diff_h1_type1":"System.Double","width_of_curve1":"11","width_of_curve1_type1":"System.Double","height_of_curve1":"3.449999999996204","height_of_curve1_type1":"System.Double","search_mode1":"only_start_derivate1","search_mode1_type1":"System.String","min_last_derivative1":"9999","min_last_derivative1_type1":"System.Double","min_diff_last_derivative1":"0.2337272727340869","min_diff_last_derivative1_type1":"System.Double","start_ind1":"21","start_ind1_type1":"System.Int32","last_ind1":"32","last_ind1_type1":"System.Int32","count_loop1":"43","count_loop1_type1":"System.Int32","last_add_height1":"-0.44999999999999996","last_add_height1_type1":"System.Double","last_delta_height1":"3.796074565798335E-12","last_delta_height1_type1":"System.Double","found_good_derivative_in_more_height1":"no","found_good_derivative_in_more_height1_type1":"System.String"}