{"start_x_val1":"113.71533127111252","start_x_val1_type1":"System.Double","end_x_val1":"84.61533127111252","end_x_val1_type1":"System.Double","end_derivative1":"0.28876337665014606","end_derivative1_type1":"System.Double","start_derivative1":"0.4639089434870085","start_derivative1_type1":"System.Double","last_end_x_polynom1":"113.71533127111252","last_end_x_polynom1_type1":"System.Double","min_dist_from_curve1":"-1","min_dist_from_curve1_type1":"System.Double","end_derivative2":"0.28876337665014606","end_derivative2_type1":"System.Double","min_diff_h1":"-6.217248937900877E-13","min_diff_h1_type1":"System.Double","width_of_curve1":"29.1","width_of_curve1_type1":"System.Double","height_of_curve1":"10.828171402996217","height_of_curve1_type1":"System.Double","search_mode1":"only_start_derivate1","search_mode1_type1":"System.String","min_last_derivative1":"0.2805170521166416","min_last_derivative1_type1":"System.Double","min_diff_last_derivative1":"0.28876337665014606","min_diff_last_derivative1_type1":"System.Double","start_ind1":"11","start_ind1_type1":"System.Int32","last_ind1":"40","last_ind1_type1":"System.Int32","count_loop1":"27","count_loop1_type1":"System.Int32","last_add_height1":"0.2","last_add_height1_type1":"System.Double","last_delta_height1":"-0.028171402996216344","last_delta_height1_type1":"System.Double","found_good_derivative_in_more_height1":"no","found_good_derivative_in_more_height1_type1":"System.String"}