{"start_x_val1":"12.851957084856622","start_x_val1_type1":"System.Double","end_x_val1":"2.851957084856622","end_x_val1_type1":"System.Double","end_derivative1":"0.09827878787428275","end_derivative1_type1":"System.Double","start_derivative1":"0.3727212121251967","start_derivative1_type1":"System.Double","last_end_x_polynom1":"12.851957084856622","last_end_x_polynom1_type1":"System.Double","min_dist_from_curve1":"-1","min_dist_from_curve1_type1":"System.Double","end_derivative2":"0.09827878787428275","end_derivative2_type1":"System.Double","min_diff_h1":"-1.481748057585719E-11","min_diff_h1_type1":"System.Double","width_of_curve1":"10","width_of_curve1_type1":"System.Double","height_of_curve1":"2.3500000000122148","height_of_curve1_type1":"System.Double","search_mode1":"only_start_derivate1","search_mode1_type1":"System.String","min_last_derivative1":"9999","min_last_derivative1_type1":"System.Double","min_diff_last_derivative1":"0.09827878787428275","min_diff_last_derivative1_type1":"System.Double","start_ind1":"30","start_ind1_type1":"System.Int32","last_ind1":"40","last_ind1_type1":"System.Int32","count_loop1":"42","count_loop1_type1":"System.Int32","last_add_height1":"-1.2000000000000004","last_add_height1_type1":"System.Double","last_delta_height1":"-1.2215117806135822E-11","last_delta_height1_type1":"System.Double","found_good_derivative_in_more_height1":"yes","found_good_derivative_in_more_height1_type1":"System.String"}