{"start_x_val1":"30.349720027570584","start_x_val1_type1":"System.Double","end_x_val1":"1.3497200275705836","end_x_val1_type1":"System.Double","end_derivative1":"0.006590924071325317","end_derivative1_type1":"System.Double","start_derivative1":"0.13953459316929814","start_derivative1_type1":"System.Double","last_end_x_polynom1":"30.349720027570584","last_end_x_polynom1_type1":"System.Double","min_dist_from_curve1":"-1","min_dist_from_curve1_type1":"System.Double","end_derivative2":"0.006590924071325317","end_derivative2_type1":"System.Double","min_diff_h1":"-1.942890293094024E-13","min_diff_h1_type1":"System.Double","width_of_curve1":"29","width_of_curve1_type1":"System.Double","height_of_curve1":"1.9968749999892343","height_of_curve1_type1":"System.Double","search_mode1":"only_start_derivate1","search_mode1_type1":"System.String","min_last_derivative1":"9999","min_last_derivative1_type1":"System.Double","start_ind1":"323","start_ind1_type1":"System.Int32","last_ind1":"352","last_ind1_type1":"System.Int32","count_loop1":"116","count_loop1_type1":"System.Int32","last_add_height1":"0","last_add_height1_type1":"System.Double","last_delta_height1":"1.0765610625185218E-11","last_delta_height1_type1":"System.Double","found_good_derivative_in_more_height1":"no","found_good_derivative_in_more_height1_type1":"System.String"}