{"start_x_val1":"48.160664270873895","start_x_val1_type1":"System.Double","end_x_val1":"17.160664270873895","end_x_val1_type1":"System.Double","end_derivative1":"0.37336374628571545","end_derivative1_type1":"System.Double","start_derivative1":"0.43624625370454084","start_derivative1_type1":"System.Double","last_end_x_polynom1":"48.160664270873895","last_end_x_polynom1_type1":"System.Double","min_dist_from_curve1":"-1","min_dist_from_curve1_type1":"System.Double","end_derivative2":"0.37336374628571545","end_derivative2_type1":"System.Double","min_diff_h1":"-8.031264542296412E-11","min_diff_h1_type1":"System.Double","width_of_curve1":"31","width_of_curve1_type1":"System.Double","height_of_curve1":"12.399999999929287","height_of_curve1_type1":"System.Double","search_mode1":"only_start_derivate1","search_mode1_type1":"System.String","min_last_derivative1":"9999","min_last_derivative1_type1":"System.Double","start_ind1":"116","start_ind1_type1":"System.Int32","last_ind1":"147","last_ind1_type1":"System.Int32","count_loop1":"33","count_loop1_type1":"System.Int32","last_add_height1":"0.39999999999999997","last_add_height1_type1":"System.Double","last_delta_height1":"7.071321306284517E-11","last_delta_height1_type1":"System.Double","found_good_derivative_in_more_height1":"yes","found_good_derivative_in_more_height1_type1":"System.String"}