{"start_x_val1":"52.46048769798654","start_x_val1_type1":"System.Double","end_x_val1":"23.460487697986537","end_x_val1_type1":"System.Double","end_derivative1":"0.4566858620735817","end_derivative1_type1":"System.Double","start_derivative1":"0.5241379310275914","start_derivative1_type1":"System.Double","last_end_x_polynom1":"52.46048769798654","last_end_x_polynom1_type1":"System.Double","min_dist_from_curve1":"-1","min_dist_from_curve1_type1":"System.Double","end_derivative2":"0.4566858620735817","end_derivative2_type1":"System.Double","min_diff_h1":"-1.1528555887707626E-12","min_diff_h1_type1":"System.Double","width_of_curve1":"29","width_of_curve1_type1":"System.Double","height_of_curve1":"14.099999999968164","height_of_curve1_type1":"System.Double","search_mode1":"only_start_derivate1","search_mode1_type1":"System.String","min_last_derivative1":"9999","min_last_derivative1_type1":"System.Double","start_ind1":"58","start_ind1_type1":"System.Int32","last_ind1":"87","last_ind1_type1":"System.Int32","count_loop1":"23","count_loop1_type1":"System.Int32","last_add_height1":"0.1","last_add_height1_type1":"System.Double","last_delta_height1":"3.183586727573129E-11","last_delta_height1_type1":"System.Double","found_good_derivative_in_more_height1":"yes","found_good_derivative_in_more_height1_type1":"System.String"}