{"start_x_val1":"31.60938986192923","start_x_val1_type1":"System.Double","end_x_val1":"0.6093898619292304","end_x_val1_type1":"System.Double","end_derivative1":"0.24751991019775052","end_derivative1_type1":"System.Double","start_derivative1":"0.2782191220662895","start_derivative1_type1":"System.Double","last_end_x_polynom1":"31.60938986192923","last_end_x_polynom1_type1":"System.Double","min_dist_from_curve1":"-1","min_dist_from_curve1_type1":"System.Double","end_derivative2":"0.24751991019775052","end_derivative2_type1":"System.Double","min_diff_h1":"-5.892175636290631E-12","min_diff_h1_type1":"System.Double","width_of_curve1":"31","width_of_curve1_type1":"System.Double","height_of_curve1":"8.000000000098513","height_of_curve1_type1":"System.Double","search_mode1":"only_start_derivate1","search_mode1_type1":"System.String","min_last_derivative1":"9999","min_last_derivative1_type1":"System.Double","start_ind1":"232","start_ind1_type1":"System.Int32","last_ind1":"263","last_ind1_type1":"System.Int32","count_loop1":"42","count_loop1_type1":"System.Int32","last_add_height1":"0","last_add_height1_type1":"System.Double","last_delta_height1":"-9.851319759945909E-11","last_delta_height1_type1":"System.Double","found_good_derivative_in_more_height1":"no","found_good_derivative_in_more_height1_type1":"System.String"}