{"start_x_val1":"51.8762494492039","start_x_val1_type1":"System.Double","end_x_val1":"22.876249449203897","end_x_val1_type1":"System.Double","end_derivative1":"0.5241379310275883","end_derivative1_type1":"System.Double","start_derivative1":"0.5911686206942032","start_derivative1_type1":"System.Double","last_end_x_polynom1":"51.8762494492039","last_end_x_polynom1_type1":"System.Double","min_dist_from_curve1":"-1","min_dist_from_curve1_type1":"System.Double","end_derivative2":"0.5241379310275883","end_derivative2_type1":"System.Double","min_diff_h1":"3.183586727573129E-11","min_diff_h1_type1":"System.Double","width_of_curve1":"29","width_of_curve1_type1":"System.Double","height_of_curve1":"16.04999999993414","height_of_curve1_type1":"System.Double","search_mode1":"only_start_derivate1","search_mode1_type1":"System.String","min_last_derivative1":"9999","min_last_derivative1_type1":"System.Double","start_ind1":"29","start_ind1_type1":"System.Int32","last_ind1":"58","last_ind1_type1":"System.Int32","count_loop1":"20","count_loop1_type1":"System.Int32","last_add_height1":"0","last_add_height1_type1":"System.Double","last_delta_height1":"6.586020617760369E-11","last_delta_height1_type1":"System.Double","found_good_derivative_in_more_height1":"no","found_good_derivative_in_more_height1_type1":"System.String"}