{"start_x_val1":"55.978381746503146","start_x_val1_type1":"System.Double","end_x_val1":"26.978381746503146","end_x_val1_type1":"System.Double","end_derivative1":"0.1395345931693037","end_derivative1_type1":"System.Double","start_derivative1":"0.21370299303321916","start_derivative1_type1":"System.Double","last_end_x_polynom1":"55.978381746503146","last_end_x_polynom1_type1":"System.Double","min_dist_from_curve1":"-1","min_dist_from_curve1_type1":"System.Double","end_derivative2":"0.1395345931693037","end_derivative2_type1":"System.Double","min_diff_h1":"1.0765610625185218E-11","min_diff_h1_type1":"System.Double","width_of_curve1":"29","width_of_curve1_type1":"System.Double","height_of_curve1":"4.999999999925816","height_of_curve1_type1":"System.Double","search_mode1":"only_start_derivate1","search_mode1_type1":"System.String","min_last_derivative1":"9999","min_last_derivative1_type1":"System.Double","start_ind1":"294","start_ind1_type1":"System.Int32","last_ind1":"323","last_ind1_type1":"System.Int32","count_loop1":"44","count_loop1_type1":"System.Int32","last_add_height1":"0","last_add_height1_type1":"System.Double","last_delta_height1":"7.418421432703326E-11","last_delta_height1_type1":"System.Double","found_good_derivative_in_more_height1":"no","found_good_derivative_in_more_height1_type1":"System.String"}