{"start_x_val1":"57.41162869616346","start_x_val1_type1":"System.Double","end_x_val1":"15.411628696163461","end_x_val1_type1":"System.Double","end_derivative1":"0.08995853175828583","end_derivative1_type1":"System.Double","start_derivative1":"0.18244337300440072","start_derivative1_type1":"System.Double","last_end_x_polynom1":"57.41162869616346","last_end_x_polynom1_type1":"System.Double","min_dist_from_curve1":"-1","min_dist_from_curve1_type1":"System.Double","end_derivative2":"0.08995853175828583","end_derivative2_type1":"System.Double","min_diff_h1":"7.1453953864875075E-12","min_diff_h1_type1":"System.Double","width_of_curve1":"42","width_of_curve1_type1":"System.Double","height_of_curve1":"5.350000000009272","height_of_curve1_type1":"System.Double","search_mode1":"only_start_derivate1","search_mode1_type1":"System.String","min_last_derivative1":"9999","min_last_derivative1_type1":"System.Double","min_diff_last_derivative1":"0.08995853175828583","min_diff_last_derivative1_type1":"System.Double","loop_ind1":"52","loop_ind1_type1":"System.Int32","start_ind1":"124","start_ind1_type1":"System.Int32","last_ind1":"166","last_ind1_type1":"System.Int32","count_loop1":"71","count_loop1_type1":"System.Int32","last_add_height1":"0.35","last_add_height1_type1":"System.Double","last_delta_height1":"-9.272582701669307E-12","last_delta_height1_type1":"System.Double","found_good_derivative_in_more_height1":"yes","found_good_derivative_in_more_height1_type1":"System.String"}