{"start_x_val1":"8.691981109572225","start_x_val1_type1":"System.Double","end_x_val1":"1.6919811095722253","end_x_val1_type1":"System.Double","end_derivative1":"0.2703356179337927","end_derivative1_type1":"System.Double","start_derivative1":"0.9999999999998131","start_derivative1_type1":"System.Double","last_end_x_polynom1":"8.691981109572225","last_end_x_polynom1_type1":"System.Double","min_dist_from_curve1":"-1","min_dist_from_curve1_type1":"System.Double","end_derivative2":"0.2703356179337927","end_derivative2_type1":"System.Double","min_diff_h1":"-0.005540337232379677","min_diff_h1_type1":"System.Double","width_of_curve1":"7","width_of_curve1_type1":"System.Double","height_of_curve1":"4.45","height_of_curve1_type1":"System.Double","search_mode1":"only_start_derivate1","search_mode1_type1":"System.String","min_last_derivative1":"9999","min_last_derivative1_type1":"System.Double","min_diff_last_derivative1":"0.2703356179337927","min_diff_last_derivative1_type1":"System.Double","loop_ind1":"501","loop_ind1_type1":"System.Int32","start_ind1":"0","start_ind1_type1":"System.Int32","last_ind1":"7","last_ind1_type1":"System.Int32","count_loop1":"9","count_loop1_type1":"System.Int32","last_add_height1":"0.44999999999999996","last_add_height1_type1":"System.Double","last_delta_height1":"0","last_delta_height1_type1":"System.Double","found_good_derivative_in_more_height1":"yes","found_good_derivative_in_more_height1_type1":"System.String"}