{"start_x_val1":"76.81404244797704","start_x_val1_type1":"System.Double","end_x_val1":"8.814042447977045","end_x_val1_type1":"System.Double","end_derivative1":"0.18244337300440464","end_derivative1_type1":"System.Double","start_derivative1":"0.19998213791394118","start_derivative1_type1":"System.Double","last_end_x_polynom1":"76.81404244797704","last_end_x_polynom1_type1":"System.Double","min_dist_from_curve1":"-1","min_dist_from_curve1_type1":"System.Double","end_derivative2":"0.18244337300440464","end_derivative2_type1":"System.Double","min_diff_h1":"-9.272582701669307E-12","min_diff_h1_type1":"System.Double","width_of_curve1":"68","width_of_curve1_type1":"System.Double","height_of_curve1":"12.845251371233028","height_of_curve1_type1":"System.Double","search_mode1":"only_start_derivate1","search_mode1_type1":"System.String","min_last_derivative1":"9999","min_last_derivative1_type1":"System.Double","min_diff_last_derivative1":"0.18244337300440464","min_diff_last_derivative1_type1":"System.Double","loop_ind1":"55","loop_ind1_type1":"System.Int32","start_ind1":"56","start_ind1_type1":"System.Int32","last_ind1":"124","last_ind1_type1":"System.Int32","count_loop1":"63","count_loop1_type1":"System.Int32","last_add_height1":"0","last_add_height1_type1":"System.Double","last_delta_height1":"-0.995251371233028","last_delta_height1_type1":"System.Double","found_good_derivative_in_more_height1":"no","found_good_derivative_in_more_height1_type1":"System.String"}