{"start_x_val1":"82.0656239711443","start_x_val1_type1":"System.Double","end_x_val1":"29.899998971144306","end_x_val1_type1":"System.Double","end_derivative1":"0.015533426313913301","end_derivative1_type1":"System.Double","start_derivative1":"0.05481079975653634","start_derivative1_type1":"System.Double","last_end_x_polynom1":"82.0656239711443","last_end_x_polynom1_type1":"System.Double","min_dist_from_curve1":"-1","min_dist_from_curve1_type1":"System.Double","end_derivative2":"0.015533426313913301","end_derivative2_type1":"System.Double","min_diff_h1":"7.194245199571014E-13","min_diff_h1_type1":"System.Double","width_of_curve1":"52.165625","width_of_curve1_type1":"System.Double","height_of_curve1":"1.7637973421127788","height_of_curve1_type1":"System.Double","search_mode1":"only_start_derivate1","search_mode1_type1":"System.String","min_last_derivative1":"0.015411988145745986","min_last_derivative1_type1":"System.Double","min_diff_last_derivative1":"0.015533426313913301","min_diff_last_derivative1_type1":"System.Double","loop_ind1":"85","loop_ind1_type1":"System.Int32","start_ind1":"232","start_ind1_type1":"System.Int32","last_ind1":"284","last_ind1_type1":"System.Int32","count_loop1":"228","count_loop1_type1":"System.Int32","last_add_height1":"-0","last_add_height1_type1":"System.Double","last_delta_height1":"-0.7794223421127788","last_delta_height1_type1":"System.Double","found_good_derivative_in_more_height1":"no","found_good_derivative_in_more_height1_type1":"System.String"}