{"start_x_val1":"54.547909260692904","start_x_val1_type1":"System.Double","end_x_val1":"25.547909260692904","end_x_val1_type1":"System.Double","end_derivative1":"0.20052543980642923","end_derivative1_type1":"System.Double","start_derivative1":"0.2703356179337883","start_derivative1_type1":"System.Double","last_end_x_polynom1":"54.547909260692904","last_end_x_polynom1_type1":"System.Double","min_dist_from_curve1":"-1","min_dist_from_curve1_type1":"System.Double","end_derivative2":"0.20052543980642923","end_derivative2_type1":"System.Double","min_diff_h1":"7.72715225139109E-13","min_diff_h1_type1":"System.Double","width_of_curve1":"29","width_of_curve1_type1":"System.Double","height_of_curve1":"6.70554033723238","height_of_curve1_type1":"System.Double","search_mode1":"only_start_derivate1","search_mode1_type1":"System.String","min_last_derivative1":"9999","min_last_derivative1_type1":"System.Double","min_diff_last_derivative1":"0.20052543980642923","min_diff_last_derivative1_type1":"System.Double","loop_ind1":"53","loop_ind1_type1":"System.Int32","start_ind1":"7","start_ind1_type1":"System.Int32","last_ind1":"36","last_ind1_type1":"System.Int32","count_loop1":"13","count_loop1_type1":"System.Int32","last_add_height1":"0.15000000000000002","last_add_height1_type1":"System.Double","last_delta_height1":"-0.005540337232379677","last_delta_height1_type1":"System.Double","found_good_derivative_in_more_height1":"yes","found_good_derivative_in_more_height1_type1":"System.String"}