{"start_x_val1":"45.93291713032522","start_x_val1_type1":"System.Double","end_x_val1":"11.098542130325221","end_x_val1_type1":"System.Double","end_derivative1":"0.05481079975653475","end_derivative1_type1":"System.Double","start_derivative1":"0.07830517624045288","start_derivative1_type1":"System.Double","last_end_x_polynom1":"45.93291713032522","last_end_x_polynom1_type1":"System.Double","min_dist_from_curve1":"-1","min_dist_from_curve1_type1":"System.Double","end_derivative2":"0.05481079975653475","end_derivative2_type1":"System.Double","min_diff_h1":"-0.7794223421127788","min_diff_h1_type1":"System.Double","width_of_curve1":"34.834375","width_of_curve1_type1":"System.Double","height_of_curve1":"3.0155776090201942","height_of_curve1_type1":"System.Double","search_mode1":"only_start_derivate1","search_mode1_type1":"System.String","min_last_derivative1":"9999","min_last_derivative1_type1":"System.Double","min_diff_last_derivative1":"0.05481079975653475","min_diff_last_derivative1_type1":"System.Double","loop_ind1":"2001","loop_ind1_type1":"System.Int32","start_ind1":"197","start_ind1_type1":"System.Int32","last_ind1":"232","last_ind1_type1":"System.Int32","count_loop1":"227","count_loop1_type1":"System.Int32","last_add_height1":"0","last_add_height1_type1":"System.Double","last_delta_height1":"-0.9999526090201942","last_delta_height1_type1":"System.Double","found_good_derivative_in_more_height1":"no","found_good_derivative_in_more_height1_type1":"System.String"}