{"start_x_val1":"31.24589167846898","start_x_val1_type1":"System.Double","end_x_val1":"0.24589167846897908","end_x_val1_type1":"System.Double","end_derivative1":"0.07830517624045458","end_derivative1_type1":"System.Double","start_derivative1":"0.08995853175828561","start_derivative1_type1":"System.Double","last_end_x_polynom1":"31.24589167846898","last_end_x_polynom1_type1":"System.Double","min_dist_from_curve1":"-1","min_dist_from_curve1_type1":"System.Double","end_derivative2":"0.07830517624045458","end_derivative2_type1":"System.Double","min_diff_h1":"-0.9999526090201942","min_diff_h1_type1":"System.Double","width_of_curve1":"31","width_of_curve1_type1":"System.Double","height_of_curve1":"3.549999999992855","height_of_curve1_type1":"System.Double","search_mode1":"only_start_derivate1","search_mode1_type1":"System.String","min_last_derivative1":"9999","min_last_derivative1_type1":"System.Double","min_diff_last_derivative1":"0.07830517624045458","min_diff_last_derivative1_type1":"System.Double","loop_ind1":"2938","loop_ind1_type1":"System.Int32","start_ind1":"166","start_ind1_type1":"System.Int32","last_ind1":"197","last_ind1_type1":"System.Int32","count_loop1":"90","count_loop1_type1":"System.Int32","last_add_height1":"0.9000000000000002","last_add_height1_type1":"System.Double","last_delta_height1":"7.1453953864875075E-12","last_delta_height1_type1":"System.Double","found_good_derivative_in_more_height1":"yes","found_good_derivative_in_more_height1_type1":"System.String"}