{"start_x_val1":"119.13840421205168","start_x_val1_type1":"System.Double","end_x_val1":"57.13840421205168","end_x_val1_type1":"System.Double","end_derivative1":"0.3996048457288894","end_derivative1_type1":"System.Double","start_derivative1":"0.4074068606854918","start_derivative1_type1":"System.Double","last_end_x_polynom1":"119.13840421205168","last_end_x_polynom1_type1":"System.Double","min_dist_from_curve1":"-1","min_dist_from_curve1_type1":"System.Double","end_derivative2":"0.3996048457288894","end_derivative2_type1":"System.Double","min_diff_h1":"-2.079981995361834","min_diff_h1_type1":"System.Double","width_of_curve1":"62","width_of_curve1_type1":"System.Double","height_of_curve1":"27.06909581119984","height_of_curve1_type1":"System.Double","search_mode1":"only_start_derivate1","search_mode1_type1":"System.String","min_last_derivative1":"0.3535688207104057","min_last_derivative1_type1":"System.Double","min_diff_last_derivative1":"0.06960484572888936","min_diff_last_derivative1_type1":"System.Double","start_ind1":"147","start_ind1_type1":"System.Int32","last_ind1":"209","last_ind1_type1":"System.Int32","count_loop1":"54","count_loop1_type1":"System.Int32","last_add_height1":"0.05","last_add_height1_type1":"System.Double","last_delta_height1":"-0.11909581119984125","last_delta_height1_type1":"System.Double","found_good_derivative_in_more_height1":"no","found_good_derivative_in_more_height1_type1":"System.String"}