{"start_x_val1":"66.32440066436357","start_x_val1_type1":"System.Double","end_x_val1":"37.42440066436357","end_x_val1_type1":"System.Double","end_derivative1":"0.42731353539869094","end_derivative1_type1":"System.Double","start_derivative1":"0.5187548275759395","start_derivative1_type1":"System.Double","last_end_x_polynom1":"66.32440066436357","last_end_x_polynom1_type1":"System.Double","min_dist_from_curve1":"-1","min_dist_from_curve1_type1":"System.Double","end_derivative2":"0.42731353539869094","end_derivative2_type1":"System.Double","min_diff_h1":"-2.8421709430404007E-13","min_diff_h1_type1":"System.Double","width_of_curve1":"28.9","width_of_curve1_type1":"System.Double","height_of_curve1":"13.549999999983692","height_of_curve1_type1":"System.Double","search_mode1":"only_start_derivate1","search_mode1_type1":"System.String","min_last_derivative1":"9999","min_last_derivative1_type1":"System.Double","min_diff_last_derivative1":"0.09731353539869092","min_diff_last_derivative1_type1":"System.Double","start_ind1":"87","start_ind1_type1":"System.Int32","last_ind1":"116","last_ind1_type1":"System.Int32","count_loop1":"35","count_loop1_type1":"System.Int32","last_add_height1":"-0.5499999999999999","last_add_height1_type1":"System.Double","last_delta_height1":"1.63087321425337E-11","last_delta_height1_type1":"System.Double","found_good_derivative_in_more_height1":"no","found_good_derivative_in_more_height1_type1":"System.String"}