{"start_x_val1":"185.54664754203804","start_x_val1_type1":"System.Double","end_x_val1":"92.64664754203804","end_x_val1_type1":"System.Double","end_derivative1":"0.3956879619464719","end_derivative1_type1":"System.Double","start_derivative1":"0.4141118978524958","start_derivative1_type1":"System.Double","last_end_x_polynom1":"185.54664754203804","last_end_x_polynom1_type1":"System.Double","min_dist_from_curve1":"-1","min_dist_from_curve1_type1":"System.Double","end_derivative2":"0.3956879619464719","end_derivative2_type1":"System.Double","min_diff_h1":"-1.0298299475697377","min_diff_h1_type1":"System.Double","width_of_curve1":"92.9","width_of_curve1_type1":"System.Double","height_of_curve1":"38.54999999999999","height_of_curve1_type1":"System.Double","search_mode1":"only_start_derivate1","search_mode1_type1":"System.String","min_last_derivative1":"0.3285705065345813","min_last_derivative1_type1":"System.Double","min_diff_last_derivative1":"0.06568796194647186","min_diff_last_derivative1_type1":"System.Double","start_ind1":"116","start_ind1_type1":"System.Int32","last_ind1":"209","last_ind1_type1":"System.Int32","count_loop1":"34","count_loop1_type1":"System.Int32","last_add_height1":"0.5499999999999999","last_add_height1_type1":"System.Double","last_delta_height1":"1.7763568394002505E-14","last_delta_height1_type1":"System.Double","found_good_derivative_in_more_height1":"no","found_good_derivative_in_more_height1_type1":"System.String"}