{"start_x_val1":"76.43698858515927","start_x_val1_type1":"System.Double","end_x_val1":"47.43698858515927","end_x_val1_type1":"System.Double","end_derivative1":"0.5896551724231652","end_derivative1_type1":"System.Double","start_derivative1":"0.698065172410111","start_derivative1_type1":"System.Double","last_end_x_polynom1":"76.43698858515927","last_end_x_polynom1_type1":"System.Double","min_dist_from_curve1":"-1","min_dist_from_curve1_type1":"System.Double","end_derivative2":"0.5896551724231652","end_derivative2_type1":"System.Double","min_diff_h1":"2.9253044431243325E-11","min_diff_h1_type1":"System.Double","width_of_curve1":"29","width_of_curve1_type1":"System.Double","height_of_curve1":"18.550000000053256","height_of_curve1_type1":"System.Double","search_mode1":"only_start_derivate1","search_mode1_type1":"System.String","min_last_derivative1":"9999","min_last_derivative1_type1":"System.Double","min_diff_last_derivative1":"0.2596551724231652","min_diff_last_derivative1_type1":"System.Double","start_ind1":"29","start_ind1_type1":"System.Int32","last_ind1":"58","last_ind1_type1":"System.Int32","count_loop1":"12","count_loop1_type1":"System.Int32","last_add_height1":"0.05","last_add_height1_type1":"System.Double","last_delta_height1":"-5.325517804521951E-11","last_delta_height1_type1":"System.Double","found_good_derivative_in_more_height1":"yes","found_good_derivative_in_more_height1_type1":"System.String"}