{"start_x_val1":"14.706337709358195","start_x_val1_type1":"System.Double","end_x_val1":"0.7063377093581948","end_x_val1_type1":"System.Double","end_derivative1":"0.08719597208758897","end_derivative1_type1":"System.Double","start_derivative1":"0.3291055457634499","start_derivative1_type1":"System.Double","last_end_x_polynom1":"14.706337709358195","last_end_x_polynom1_type1":"System.Double","min_dist_from_curve1":"-1","min_dist_from_curve1_type1":"System.Double","end_derivative2":"0.08719597208758897","end_derivative2_type1":"System.Double","min_diff_h1":"-5.164757510556228E-13","min_diff_h1_type1":"System.Double","width_of_curve1":"14","width_of_curve1_type1":"System.Double","height_of_curve1":"2.9003906249577893","height_of_curve1_type1":"System.Double","search_mode1":"only_start_derivate1","search_mode1_type1":"System.String","min_last_derivative1":"9999","min_last_derivative1_type1":"System.Double","min_diff_last_derivative1":"0.08719597208758897","min_diff_last_derivative1_type1":"System.Double","start_ind1":"22","start_ind1_type1":"System.Int32","last_ind1":"36","last_ind1_type1":"System.Int32","count_loop1":"134","count_loop1_type1":"System.Int32","last_add_height1":"0","last_add_height1_type1":"System.Double","last_delta_height1":"4.221067939624845E-11","last_delta_height1_type1":"System.Double","found_good_derivative_in_more_height1":"no","found_good_derivative_in_more_height1_type1":"System.String"}