{"start_x_val1":"2.0079433604369115","start_x_val1_type1":"System.Double","end_x_val1":"0.007552735436911373","end_x_val1_type1":"System.Double","end_derivative1":"0.012422515564137095","end_derivative1_type1":"System.Double","start_derivative1":"0.08720742390503909","start_derivative1_type1":"System.Double","last_end_x_polynom1":"2.0079433604369115","last_end_x_polynom1_type1":"System.Double","min_dist_from_curve1":"-1","min_dist_from_curve1_type1":"System.Double","end_derivative2":"0.012422515564137095","end_derivative2_type1":"System.Double","min_diff_h1":"-5.873079800267078E-14","min_diff_h1_type1":"System.Double","width_of_curve1":"2.000390625","width_of_curve1_type1":"System.Double","height_of_curve1":"0.09960937499970957","height_of_curve1_type1":"System.Double","search_mode1":"only_start_derivate1","search_mode1_type1":"System.String","min_last_derivative1":"0.012017680279505805","min_last_derivative1_type1":"System.Double","min_diff_last_derivative1":"0.012422515564137095","min_diff_last_derivative1_type1":"System.Double","start_ind1":"36","start_ind1_type1":"System.Int32","last_ind1":"38","last_ind1_type1":"System.Int32","count_loop1":"133","count_loop1_type1":"System.Int32","last_add_height1":"0","last_add_height1_type1":"System.Double","last_delta_height1":"2.9043434324194095E-13","last_delta_height1_type1":"System.Double","found_good_derivative_in_more_height1":"no","found_good_derivative_in_more_height1_type1":"System.String"}