{"start_x_val1":"18.545591590269396","start_x_val1_type1":"System.Double","end_x_val1":"7.545591590269396","end_x_val1_type1":"System.Double","end_derivative1":"0.3291055457634546","end_derivative1_type1":"System.Double","start_derivative1":"0.5957481362130324","start_derivative1_type1":"System.Double","last_end_x_polynom1":"18.545591590269396","last_end_x_polynom1_type1":"System.Double","min_dist_from_curve1":"-1","min_dist_from_curve1_type1":"System.Double","end_derivative2":"0.3291055457634546","end_derivative2_type1":"System.Double","min_diff_h1":"4.221067939624845E-11","min_diff_h1_type1":"System.Double","width_of_curve1":"11","width_of_curve1_type1":"System.Double","height_of_curve1":"5.080040250828468","height_of_curve1_type1":"System.Double","search_mode1":"only_start_derivate1","search_mode1_type1":"System.String","min_last_derivative1":"9999","min_last_derivative1_type1":"System.Double","min_diff_last_derivative1":"0.3291055457634546","min_diff_last_derivative1_type1":"System.Double","start_ind1":"11","start_ind1_type1":"System.Int32","last_ind1":"22","last_ind1_type1":"System.Int32","count_loop1":"9","count_loop1_type1":"System.Int32","last_add_height1":"-0.15000000000000002","last_add_height1_type1":"System.Double","last_delta_height1":"0.019959749171531982","last_delta_height1_type1":"System.Double","found_good_derivative_in_more_height1":"yes","found_good_derivative_in_more_height1_type1":"System.String"}