{"start_x_val1":"8.843750003044988","start_x_val1_type1":"System.Double","end_x_val1":"0.8437500030449883","end_x_val1_type1":"System.Double","end_derivative1":"0.2756399999984159","end_derivative1_type1":"System.Double","start_derivative1":"0.9999999999998777","start_derivative1_type1":"System.Double","last_end_x_polynom1":"8.843750003044988","last_end_x_polynom1_type1":"System.Double","min_dist_from_curve1":"-1","min_dist_from_curve1_type1":"System.Double","end_derivative2":"0.2756399999984159","end_derivative2_type1":"System.Double","min_diff_h1":"-6.8256511553954624E-12","min_diff_h1_type1":"System.Double","width_of_curve1":"8","width_of_curve1_type1":"System.Double","height_of_curve1":"5.1","height_of_curve1_type1":"System.Double","search_mode1":"only_start_derivate1","search_mode1_type1":"System.String","min_last_derivative1":"9999","min_last_derivative1_type1":"System.Double","start_ind1":"0","start_ind1_type1":"System.Int32","last_ind1":"8","last_ind1_type1":"System.Int32","count_loop1":"2","count_loop1_type1":"System.Int32","last_add_height1":"0.1","last_add_height1_type1":"System.Double","last_delta_height1":"0","last_delta_height1_type1":"System.Double","found_good_derivative_in_more_height1":"yes","found_good_derivative_in_more_height1_type1":"System.String"}