{"start_x_val1":"68.00942814292102","start_x_val1_type1":"System.Double","end_x_val1":"1.041831164627638E-05","end_x_val1_type1":"System.Double","end_derivative1":"4.654958186964362E-09","end_derivative1_type1":"System.Double","start_derivative1":"0.03542262693145774","start_derivative1_type1":"System.Double","last_end_x_polynom1":"68.00942814292102","last_end_x_polynom1_type1":"System.Double","min_dist_from_curve1":"-1","min_dist_from_curve1_type1":"System.Double","end_derivative2":"4.654958186964362E-09","end_derivative2_type1":"System.Double","min_diff_h1":"4.3653969328261155E-13","min_diff_h1_type1":"System.Double","width_of_curve1":"68.00941772460938","width_of_curve1_type1":"System.Double","height_of_curve1":"1.0472549438472663","height_of_curve1_type1":"System.Double","search_mode1":"only_start_derivate1","search_mode1_type1":"System.String","min_last_derivative1":"1.5767739346923318E-09","min_last_derivative1_type1":"System.Double","start_ind1":"219","start_ind1_type1":"System.Int32","last_ind1":"286","last_ind1_type1":"System.Int32","count_loop1":"1198","count_loop1_type1":"System.Int32","last_add_height1":"0","last_add_height1_type1":"System.Double","last_delta_height1":"3.89910326248355E-13","last_delta_height1_type1":"System.Double","found_good_derivative_in_more_height1":"no","found_good_derivative_in_more_height1_type1":"System.String"}