{"start_x_val1":"115.01568120648699","start_x_val1_type1":"System.Double","end_x_val1":"58.01568120648699","end_x_val1_type1":"System.Double","end_derivative1":"0.1788869998760854","end_derivative1_type1":"System.Double","start_derivative1":"0.2085862440822322","start_derivative1_type1":"System.Double","last_end_x_polynom1":"115.01568120648699","last_end_x_polynom1_type1":"System.Double","min_dist_from_curve1":"-1","min_dist_from_curve1_type1":"System.Double","end_derivative2":"0.1788869998760854","end_derivative2_type1":"System.Double","min_diff_h1":"9.485745522397337E-13","min_diff_h1_type1":"System.Double","width_of_curve1":"57","width_of_curve1_type1":"System.Double","height_of_curve1":"10.950390952811103","height_of_curve1_type1":"System.Double","search_mode1":"only_start_derivate1","search_mode1_type1":"System.String","min_last_derivative1":"9999","min_last_derivative1_type1":"System.Double","start_ind1":"66","start_ind1_type1":"System.Int32","last_ind1":"123","last_ind1_type1":"System.Int32","count_loop1":"22","count_loop1_type1":"System.Int32","last_add_height1":"0","last_add_height1_type1":"System.Double","last_delta_height1":"-0.800390952811104","last_delta_height1_type1":"System.Double","found_good_derivative_in_more_height1":"no","found_good_derivative_in_more_height1_type1":"System.String"}