{"start_x_val1":"87.29029924435054","start_x_val1_type1":"System.Double","end_x_val1":"56.290299244350535","end_x_val1_type1":"System.Double","end_derivative1":"0.09143438365532336","end_derivative1_type1":"System.Double","start_derivative1":"0.09149652953975648","start_derivative1_type1":"System.Double","last_end_x_polynom1":"87.29029924435054","last_end_x_polynom1_type1":"System.Double","min_dist_from_curve1":"-1","min_dist_from_curve1_type1":"System.Double","end_derivative2":"0.09143438365532336","end_derivative2_type1":"System.Double","min_diff_h1":"-0.7146398498280191","min_diff_h1_type1":"System.Double","width_of_curve1":"31","width_of_curve1_type1":"System.Double","height_of_curve1":"3.5499999999297605","height_of_curve1_type1":"System.Double","search_mode1":"only_start_derivate1","search_mode1_type1":"System.String","min_last_derivative1":"9999","min_last_derivative1_type1":"System.Double","start_ind1":"157","start_ind1_type1":"System.Int32","last_ind1":"188","last_ind1_type1":"System.Int32","count_loop1":"51","count_loop1_type1":"System.Int32","last_add_height1":"0.9500000000000003","last_add_height1_type1":"System.Double","last_delta_height1":"7.0239813965145E-11","last_delta_height1_type1":"System.Double","found_good_derivative_in_more_height1":"yes","found_good_derivative_in_more_height1_type1":"System.String"}