{"start_x_val1":"11.112427092843063","start_x_val1_type1":"System.Double","end_x_val1":"5.019235693737301E-07","end_x_val1_type1":"System.Double","end_derivative1":"7.219603923920804E-09","end_derivative1_type1":"System.Double","start_derivative1":"0.14268431149635477","start_derivative1_type1":"System.Double","last_end_x_polynom1":"11.112427092843063","last_end_x_polynom1_type1":"System.Double","min_dist_from_curve1":"-1","min_dist_from_curve1_type1":"System.Double","end_derivative2":"7.219603923920804E-09","end_derivative2_type1":"System.Double","min_diff_h1":"8.37108160567368E-14","min_diff_h1_type1":"System.Double","width_of_curve1":"11.112426590919494","width_of_curve1_type1":"System.Double","height_of_curve1":"0.7859233617785826","height_of_curve1_type1":"System.Double","search_mode1":"only_start_derivate1","search_mode1_type1":"System.String","min_last_derivative1":"3.2885602898734806E-09","min_last_derivative1_type1":"System.Double","start_ind1":"11","start_ind1_type1":"System.Int32","last_ind1":"22","last_ind1_type1":"System.Int32","count_loop1":"359","count_loop1_type1":"System.Int32","last_add_height1":"0","last_add_height1_type1":"System.Double","last_delta_height1":"-3.232969447708456E-13","last_delta_height1_type1":"System.Double","found_good_derivative_in_more_height1":"no","found_good_derivative_in_more_height1_type1":"System.String"}