{"start_x_val1":"12.148349642175162","start_x_val1_type1":"System.Double","end_x_val1":"1.2607762330946564","end_x_val1_type1":"System.Double","end_derivative1":"0.14268431149636276","end_derivative1_type1":"System.Double","start_derivative1":"0.9999999999999781","start_derivative1_type1":"System.Double","last_end_x_polynom1":"12.148349642175162","last_end_x_polynom1_type1":"System.Double","min_dist_from_curve1":"-1","min_dist_from_curve1_type1":"System.Double","end_derivative2":"0.14268431149636276","end_derivative2_type1":"System.Double","min_diff_h1":"-3.232969447708456E-13","min_diff_h1_type1":"System.Double","width_of_curve1":"10.887573409080506","width_of_curve1_type1":"System.Double","height_of_curve1":"6.214076638221741","height_of_curve1_type1":"System.Double","search_mode1":"only_start_derivate1","search_mode1_type1":"System.String","min_last_derivative1":"9999","min_last_derivative1_type1":"System.Double","start_ind1":"0","start_ind1_type1":"System.Int32","last_ind1":"11","last_ind1_type1":"System.Int32","count_loop1":"358","count_loop1_type1":"System.Int32","last_add_height1":"0","last_add_height1_type1":"System.Double","last_delta_height1":"0","last_delta_height1_type1":"System.Double","found_good_derivative_in_more_height1":"no","found_good_derivative_in_more_height1_type1":"System.String"}