{"start_x_val1":"31.000000000014552","start_x_val1_type1":"System.Double","end_x_val1":"1.4551915228366852E-11","end_x_val1_type1":"System.Double","end_derivative1":"1.4209796322364131E-14","end_derivative1_type1":"System.Double","start_derivative1":"0.048232013566536266","start_derivative1_type1":"System.Double","last_end_x_polynom1":"31.000000000014552","last_end_x_polynom1_type1":"System.Double","min_dist_from_curve1":"-1","min_dist_from_curve1_type1":"System.Double","end_derivative2":"1.4209796322364131E-14","end_derivative2_type1":"System.Double","min_diff_h1":"0.5986412102815278","min_diff_h1_type1":"System.Double","width_of_curve1":"31","width_of_curve1_type1":"System.Double","height_of_curve1":"4.440892098500626E-15","height_of_curve1_type1":"System.Double","search_mode1":"only_start_derivate1","search_mode1_type1":"System.String","min_last_derivative1":"1.4209796322364131E-14","min_last_derivative1_type1":"System.Double","start_ind1":"175","start_ind1_type1":"System.Int32","last_ind1":"206","last_ind1_type1":"System.Int32","count_loop1":"114","count_loop1_type1":"System.Int32","last_add_height1":"0","last_add_height1_type1":"System.Double","last_delta_height1":"-4.6629367034256575E-15","last_delta_height1_type1":"System.Double","found_good_derivative_in_more_height1":"no","found_good_derivative_in_more_height1_type1":"System.String"}