{"start_x_val1":"57.96173372272824","start_x_val1_type1":"System.Double","end_x_val1":"30.96173372272824","end_x_val1_type1":"System.Double","end_derivative1":"0.0870079864291719","end_derivative1_type1":"System.Double","start_derivative1":"0.2017634950599917","start_derivative1_type1":"System.Double","last_end_x_polynom1":"57.96173372272824","last_end_x_polynom1_type1":"System.Double","min_dist_from_curve1":"-1","min_dist_from_curve1_type1":"System.Double","end_derivative2":"0.0870079864291719","end_derivative2_type1":"System.Double","min_diff_h1":"6.859357526423082E-11","min_diff_h1_type1":"System.Double","width_of_curve1":"27","width_of_curve1_type1":"System.Double","height_of_curve1":"3.800000000035115","height_of_curve1_type1":"System.Double","search_mode1":"only_start_derivate1","search_mode1_type1":"System.String","min_last_derivative1":"9999","min_last_derivative1_type1":"System.Double","start_ind1":"116","start_ind1_type1":"System.Int32","last_ind1":"143","last_ind1_type1":"System.Int32","count_loop1":"110","count_loop1_type1":"System.Int32","last_add_height1":"1.0000000000000002","last_add_height1_type1":"System.Double","last_delta_height1":"-3.511502200126415E-11","last_delta_height1_type1":"System.Double","found_good_derivative_in_more_height1":"yes","found_good_derivative_in_more_height1_type1":"System.String"}