{"start_x_val1":"35.9948615646972","start_x_val1_type1":"System.Double","end_x_val1":"3.994861564697203","end_x_val1_type1":"System.Double","end_derivative1":"0.04823201356653773","end_derivative1_type1":"System.Double","start_derivative1":"0.08700798642917487","start_derivative1_type1":"System.Double","last_end_x_polynom1":"35.9948615646972","last_end_x_polynom1_type1":"System.Double","min_dist_from_curve1":"-1","min_dist_from_curve1_type1":"System.Double","end_derivative2":"0.04823201356653773","end_derivative2_type1":"System.Double","min_diff_h1":"-4.6629367034256575E-15","min_diff_h1_type1":"System.Double","width_of_curve1":"32","width_of_curve1_type1":"System.Double","height_of_curve1":"1.9999999999314062","height_of_curve1_type1":"System.Double","search_mode1":"only_start_derivate1","search_mode1_type1":"System.String","min_last_derivative1":"9999","min_last_derivative1_type1":"System.Double","start_ind1":"143","start_ind1_type1":"System.Int32","last_ind1":"175","last_ind1_type1":"System.Int32","count_loop1":"113","count_loop1_type1":"System.Int32","last_add_height1":"1.0000000000000002","last_add_height1_type1":"System.Double","last_delta_height1":"6.859357526423082E-11","last_delta_height1_type1":"System.Double","found_good_derivative_in_more_height1":"no","found_good_derivative_in_more_height1_type1":"System.String"}