{"start_x_val1":"47.80892306579699","start_x_val1_type1":"System.Double","end_x_val1":"9.80892306579699","end_x_val1_type1":"System.Double","end_derivative1":"0.09795088520942886","end_derivative1_type1":"System.Double","start_derivative1":"0.1648487347194518","start_derivative1_type1":"System.Double","last_end_x_polynom1":"47.80892306579699","last_end_x_polynom1_type1":"System.Double","min_dist_from_curve1":"-1","min_dist_from_curve1_type1":"System.Double","end_derivative2":"0.09795088520942886","end_derivative2_type1":"System.Double","min_diff_h1":"6.788258843926087E-11","min_diff_h1_type1":"System.Double","width_of_curve1":"38","width_of_curve1_type1":"System.Double","height_of_curve1":"4.71883277858085","height_of_curve1_type1":"System.Double","search_mode1":"only_start_derivate1","search_mode1_type1":"System.String","min_last_derivative1":"9999","min_last_derivative1_type1":"System.Double","min_diff_last_derivative1":"0.09795088520942886","min_diff_last_derivative1_type1":"System.Double","loop_ind1":"47","loop_ind1_type1":"System.Int32","start_ind1":"129","start_ind1_type1":"System.Int32","last_ind1":"167","last_ind1_type1":"System.Int32","count_loop1":"26","count_loop1_type1":"System.Int32","last_add_height1":"0","last_add_height1_type1":"System.Double","last_delta_height1":"-0.7188327785808504","last_delta_height1_type1":"System.Double","found_good_derivative_in_more_height1":"no","found_good_derivative_in_more_height1_type1":"System.String"}