{"start_x_val1":"50.008822599527775","start_x_val1_type1":"System.Double","end_x_val1":"21.008822599527775","end_x_val1_type1":"System.Double","end_derivative1":"0.2119560518608995","end_derivative1_type1":"System.Double","start_derivative1":"0.2757374188090778","start_derivative1_type1":"System.Double","last_end_x_polynom1":"50.008822599527775","last_end_x_polynom1_type1":"System.Double","min_dist_from_curve1":"-1","min_dist_from_curve1_type1":"System.Double","end_derivative2":"0.2119560518608995","end_derivative2_type1":"System.Double","min_diff_h1":"-4.934541664169956E-11","min_diff_h1_type1":"System.Double","width_of_curve1":"29","width_of_curve1_type1":"System.Double","height_of_curve1":"6.9496103247640155","height_of_curve1_type1":"System.Double","search_mode1":"only_start_derivate1","search_mode1_type1":"System.String","min_last_derivative1":"9999","min_last_derivative1_type1":"System.Double","min_diff_last_derivative1":"0.2119560518608995","min_diff_last_derivative1_type1":"System.Double","loop_ind1":"51","loop_ind1_type1":"System.Int32","start_ind1":"8","start_ind1_type1":"System.Int32","last_ind1":"37","last_ind1_type1":"System.Int32","count_loop1":"4","count_loop1_type1":"System.Int32","last_add_height1":"0.05","last_add_height1_type1":"System.Double","last_delta_height1":"0.0003896752359846545","last_delta_height1_type1":"System.Double","found_good_derivative_in_more_height1":"yes","found_good_derivative_in_more_height1_type1":"System.String"}