{"start_x_val1":"135.6834732822026","start_x_val1_type1":"System.Double","end_x_val1":"72.68347328220261","end_x_val1_type1":"System.Double","end_derivative1":"0.1648487347194472","end_derivative1_type1":"System.Double","start_derivative1":"0.19822164512870674","start_derivative1_type1":"System.Double","last_end_x_polynom1":"135.6834732822026","last_end_x_polynom1_type1":"System.Double","min_dist_from_curve1":"-1","min_dist_from_curve1_type1":"System.Double","end_derivative2":"0.1648487347194472","end_derivative2_type1":"System.Double","min_diff_h1":"-0.7188327785808504","min_diff_h1_type1":"System.Double","width_of_curve1":"63","width_of_curve1_type1":"System.Double","height_of_curve1":"12.04993907241098","height_of_curve1_type1":"System.Double","search_mode1":"only_start_derivate1","search_mode1_type1":"System.String","min_last_derivative1":"9999","min_last_derivative1_type1":"System.Double","min_diff_last_derivative1":"0.1648487347194472","min_diff_last_derivative1_type1":"System.Double","loop_ind1":"12059","loop_ind1_type1":"System.Int32","start_ind1":"66","start_ind1_type1":"System.Int32","last_ind1":"129","last_ind1_type1":"System.Int32","count_loop1":"25","count_loop1_type1":"System.Int32","last_add_height1":"0","last_add_height1_type1":"System.Double","last_delta_height1":"-0.9999390724109807","last_delta_height1_type1":"System.Double","found_good_derivative_in_more_height1":"no","found_good_derivative_in_more_height1_type1":"System.String"}