{"start_x_val1":"50.038356707471394","start_x_val1_type1":"System.Double","end_x_val1":"15.913356707471394","end_x_val1_type1":"System.Double","end_derivative1":"0.07137664099379541","end_derivative1_type1":"System.Double","start_derivative1":"0.0979508852094307","start_derivative1_type1":"System.Double","last_end_x_polynom1":"50.038356707471394","last_end_x_polynom1_type1":"System.Double","min_dist_from_curve1":"-1","min_dist_from_curve1_type1":"System.Double","end_derivative2":"0.07137664099379541","end_derivative2_type1":"System.Double","min_diff_h1":"-1.0132704668315","min_diff_h1_type1":"System.Double","width_of_curve1":"34.125","width_of_curve1_type1":"System.Double","height_of_curve1":"3.8249999999321176","height_of_curve1_type1":"System.Double","search_mode1":"only_start_derivate1","search_mode1_type1":"System.String","min_last_derivative1":"9999","min_last_derivative1_type1":"System.Double","min_diff_last_derivative1":"0.07137664099379541","min_diff_last_derivative1_type1":"System.Double","loop_ind1":"1001","loop_ind1_type1":"System.Int32","start_ind1":"167","start_ind1_type1":"System.Int32","last_ind1":"201","last_ind1_type1":"System.Int32","count_loop1":"104","count_loop1_type1":"System.Int32","last_add_height1":"-0.9500000000000003","last_add_height1_type1":"System.Double","last_delta_height1":"6.788258843926087E-11","last_delta_height1_type1":"System.Double","found_good_derivative_in_more_height1":"no","found_good_derivative_in_more_height1_type1":"System.String"}