{"start_x_val1":"34.424253872850386","start_x_val1_type1":"System.Double","end_x_val1":"5.424253872850386","end_x_val1_type1":"System.Double","end_derivative1":"0.1982216451287073","end_derivative1_type1":"System.Double","start_derivative1":"0.21195605186089977","start_derivative1_type1":"System.Double","last_end_x_polynom1":"34.424253872850386","last_end_x_polynom1_type1":"System.Double","min_dist_from_curve1":"-1","min_dist_from_curve1_type1":"System.Double","end_derivative2":"0.1982216451287073","end_derivative2_type1":"System.Double","min_diff_h1":"-0.9999390724109807","min_diff_h1_type1":"System.Double","width_of_curve1":"29","width_of_curve1_type1":"System.Double","height_of_curve1":"6.900000000049346","height_of_curve1_type1":"System.Double","search_mode1":"only_start_derivate1","search_mode1_type1":"System.String","min_last_derivative1":"9999","min_last_derivative1_type1":"System.Double","min_diff_last_derivative1":"0.1982216451287073","min_diff_last_derivative1_type1":"System.Double","loop_ind1":"1940","loop_ind1_type1":"System.Int32","start_ind1":"37","start_ind1_type1":"System.Int32","last_ind1":"66","last_ind1_type1":"System.Int32","count_loop1":"24","count_loop1_type1":"System.Int32","last_add_height1":"0.9500000000000003","last_add_height1_type1":"System.Double","last_delta_height1":"-4.934541664169956E-11","last_delta_height1_type1":"System.Double","found_good_derivative_in_more_height1":"yes","found_good_derivative_in_more_height1_type1":"System.String"}