{"start_x_val1":"82.8750000000291","start_x_val1_type1":"System.Double","end_x_val1":"2.9103830456733704E-11","end_x_val1_type1":"System.Double","end_derivative1":"2.106414008520336E-14","end_derivative1_type1":"System.Double","start_derivative1":"0.07137664099379504","start_derivative1_type1":"System.Double","last_end_x_polynom1":"82.8750000000291","last_end_x_polynom1_type1":"System.Double","min_dist_from_curve1":"-1","min_dist_from_curve1_type1":"System.Double","end_derivative2":"2.106414008520336E-14","end_derivative2_type1":"System.Double","min_diff_h1":"0.48479533751381787","min_diff_h1_type1":"System.Double","width_of_curve1":"82.875","width_of_curve1_type1":"System.Double","height_of_curve1":"2.1882704668315","height_of_curve1_type1":"System.Double","search_mode1":"only_start_derivate1","search_mode1_type1":"System.String","min_last_derivative1":"2.106414008520336E-14","min_last_derivative1_type1":"System.Double","min_diff_last_derivative1":"2.106414008520336E-14","min_diff_last_derivative1_type1":"System.Double","loop_ind1":"85","loop_ind1_type1":"System.Int32","start_ind1":"201","start_ind1_type1":"System.Int32","last_ind1":"284","last_ind1_type1":"System.Int32","count_loop1":"105","count_loop1_type1":"System.Int32","last_add_height1":"0.9500000000000003","last_add_height1_type1":"System.Double","last_delta_height1":"-1.0132704668315","last_delta_height1_type1":"System.Double","found_good_derivative_in_more_height1":"no","found_good_derivative_in_more_height1_type1":"System.String"}