{"start_x_val1":"31.988947116471536","start_x_val1_type1":"System.Double","end_x_val1":"2.9639471164715374","end_x_val1_type1":"System.Double","end_derivative1":"0.21828000162120023","end_derivative1_type1":"System.Double","start_derivative1":"0.4566858620727336","start_derivative1_type1":"System.Double","last_end_x_polynom1":"31.988947116471536","last_end_x_polynom1_type1":"System.Double","min_dist_from_curve1":"-1","min_dist_from_curve1_type1":"System.Double","end_derivative2":"0.21828000162120023","end_derivative2_type1":"System.Double","min_diff_h1":"0.019219490443450837","min_diff_h1_type1":"System.Double","width_of_curve1":"29.025","width_of_curve1_type1":"System.Double","height_of_curve1":"9.774999999945233","height_of_curve1_type1":"System.Double","search_mode1":"only_start_derivate1","search_mode1_type1":"System.String","min_last_derivative1":"9999","min_last_derivative1_type1":"System.Double","min_diff_last_derivative1":"0.21828000162120023","min_diff_last_derivative1_type1":"System.Double","loop_ind1":"1001","loop_ind1_type1":"System.Int32","start_ind1":"29","start_ind1_type1":"System.Int32","last_ind1":"58","last_ind1_type1":"System.Int32","count_loop1":"60","count_loop1_type1":"System.Int32","last_add_height1":"0.05","last_add_height1_type1":"System.Double","last_delta_height1":"5.476508135870972E-11","last_delta_height1_type1":"System.Double","found_good_derivative_in_more_height1":"no","found_good_derivative_in_more_height1_type1":"System.String"}