{"start_x_val1":"20.975000000000364","start_x_val1_type1":"System.Double","end_x_val1":"3.623767952376511E-13","end_x_val1_type1":"System.Double","end_derivative1":"4.561746765521629E-15","end_derivative1_type1":"System.Double","start_derivative1":"0.2182800016211954","start_derivative1_type1":"System.Double","last_end_x_polynom1":"20.975000000000364","last_end_x_polynom1_type1":"System.Double","min_dist_from_curve1":"-1","min_dist_from_curve1_type1":"System.Double","end_derivative2":"4.561746765521629E-15","end_derivative2_type1":"System.Double","min_diff_h1":"0.03729118564891065","min_diff_h1_type1":"System.Double","width_of_curve1":"20.975","width_of_curve1_type1":"System.Double","height_of_curve1":"2.205780509556549","height_of_curve1_type1":"System.Double","search_mode1":"only_start_derivate1","search_mode1_type1":"System.String","min_last_derivative1":"4.561746765521629E-15","min_last_derivative1_type1":"System.Double","min_diff_last_derivative1":"4.561746765521629E-15","min_diff_last_derivative1_type1":"System.Double","loop_ind1":"97","loop_ind1_type1":"System.Int32","start_ind1":"58","start_ind1_type1":"System.Int32","last_ind1":"79","last_ind1_type1":"System.Int32","count_loop1":"61","count_loop1_type1":"System.Int32","last_add_height1":"-0.05","last_add_height1_type1":"System.Double","last_delta_height1":"0.019219490443450837","last_delta_height1_type1":"System.Double","found_good_derivative_in_more_height1":"no","found_good_derivative_in_more_height1_type1":"System.String"}