{"start_x_val1":"11.045791041500706","start_x_val1_type1":"System.Double","end_x_val1":"0.03250979150070599","end_x_val1_type1":"System.Double","end_derivative1":"0.00045386351462975774","end_derivative1_type1":"System.Double","start_derivative1":"0.13340467454021984","start_derivative1_type1":"System.Double","last_end_x_polynom1":"11.045791041500706","last_end_x_polynom1_type1":"System.Double","min_dist_from_curve1":"-1","min_dist_from_curve1_type1":"System.Double","end_derivative2":"0.00045386351462975774","end_derivative2_type1":"System.Double","min_diff_h1":"8.743006318923108E-13","min_diff_h1_type1":"System.Double","width_of_curve1":"11.01328125","width_of_curve1_type1":"System.Double","height_of_curve1":"0.7304317290699914","height_of_curve1_type1":"System.Double","search_mode1":"only_start_derivate1","search_mode1_type1":"System.String","min_last_derivative1":"0.0004500610162033616","min_last_derivative1_type1":"System.Double","min_diff_last_derivative1":"0.00045386351462975774","min_diff_last_derivative1_type1":"System.Double","start_ind1":"11","start_ind1_type1":"System.Int32","last_ind1":"22","last_ind1_type1":"System.Int32","count_loop1":"110","count_loop1_type1":"System.Int32","last_add_height1":"0","last_add_height1_type1":"System.Double","last_delta_height1":"0.007068270930008502","last_delta_height1_type1":"System.Double","found_good_derivative_in_more_height1":"no","found_good_derivative_in_more_height1_type1":"System.String"}