{"start_x_val1":"40.17611921814023","start_x_val1_type1":"System.Double","end_x_val1":"2.1761192181402293","end_x_val1_type1":"System.Double","end_derivative1":"0.03177148971549506","end_derivative1_type1":"System.Double","start_derivative1":"0.0826685102828548","start_derivative1_type1":"System.Double","last_end_x_polynom1":"40.17611921814023","last_end_x_polynom1_type1":"System.Double","min_dist_from_curve1":"-1","min_dist_from_curve1_type1":"System.Double","end_derivative2":"0.03177148971549506","end_derivative2_type1":"System.Double","min_diff_h1":"3.570543860575981E-11","min_diff_h1_type1":"System.Double","width_of_curve1":"38","width_of_curve1_type1":"System.Double","height_of_curve1":"1.8999999999329418","height_of_curve1_type1":"System.Double","search_mode1":"only_start_derivate1","search_mode1_type1":"System.String","min_last_derivative1":"9999","min_last_derivative1_type1":"System.Double","start_ind1":"352","start_ind1_type1":"System.Int32","last_ind1":"390","last_ind1_type1":"System.Int32","count_loop1":"68","count_loop1_type1":"System.Int32","last_add_height1":"0","last_add_height1_type1":"System.Double","last_delta_height1":"6.70579147765693E-11","last_delta_height1_type1":"System.Double","found_good_derivative_in_more_height1":"no","found_good_derivative_in_more_height1_type1":"System.String"}