{"start_x_val1":"44.00000067439396","start_x_val1_type1":"System.Double","end_x_val1":"6.743939593434334E-07","end_x_val1_type1":"System.Double","end_derivative1":"7.471187618506683E-10","end_derivative1_type1":"System.Double","start_derivative1":"0.040487387590818075","start_derivative1_type1":"System.Double","last_end_x_polynom1":"44.00000067439396","last_end_x_polynom1_type1":"System.Double","min_dist_from_curve1":"-1","min_dist_from_curve1_type1":"System.Double","end_derivative2":"7.471187618506683E-10","end_derivative2_type1":"System.Double","min_diff_h1":"0.7356827916571619","min_diff_h1_type1":"System.Double","width_of_curve1":"44","width_of_curve1_type1":"System.Double","height_of_curve1":"0.15078055177744865","height_of_curve1_type1":"System.Double","search_mode1":"only_start_derivate1","search_mode1_type1":"System.String","start_ind1":"308","start_ind1_type1":"System.Int32","last_ind1":"352","last_ind1_type1":"System.Int32","count_loop1":"114","count_loop1_type1":"System.Int32","last_add_height1":"0","last_add_height1_type1":"System.Double","last_delta_height1":"-0.0007805517774488457","last_delta_height1_type1":"System.Double","found_good_derivative_in_more_height1":"no","found_good_derivative_in_more_height1_type1":"System.String"}